Project,T1_SET_COST,T1_PER_TEST,T1_PER_VALID,T2_SET_COST,T2_PER_TEST,T2_PER_VALID,T3_SET_COST,T3_PER_TEST,T3_PER_VALID
Catwatch,2.73,0.01219,0.01400,16.26,0.05262,0.06000,4.61,0.03094,0.03974
Market,0.10,0.01111,0.02500,0.49,0.03267,0.06125,0.66,0.04125,0.07333
Scs,0.09,0.00265,0.00409,0.69,0.00821,0.00945,0.21,0.00525,0.00618
Countries,0.14,0.00326,0.00467,0.75,0.01042,0.0121,0.61,0.01452,0.01906
Ncs,0.05,0.00179,0.00385,0.51,0.00823,0.00927,0.27,0.00659,0.00818
